<window>
    <allowoverlay>no</allowoverlay>

    <coordinates>
        <system>1</system>
        <posx>0</posx>
        <posy>0</posy>
    </coordinates>

    <controls>
        <control type="image" id="101">
            <description>Background</description>
            <posx>0</posx>
            <posy>0</posy>
            <width>1280</width>
            <height>720</height>
            <texture>pstvSolid.png</texture>
            <colordiffuse>FF000000</colordiffuse>
        </control>

        <control type="group" id="102">
			<animation effect="fade" time="500">VisibleChange</animation>
            
			<control type="image">
                <description>Info Background</description>
                <posx>0</posx>
                <posy>400</posy>
                <width>1280</width>
                <height>324</height>
                <texture>pstvInfoWindow.png</texture>
            </control>
    
            <control type="grouplist">
    			<posx>140</posx>
    			<posy>500</posy>
    			<width>850</width>
    			<height>30</height>
    			<orientation>horizontal</orientation>
    			<itemgap>6</itemgap>

    			<control type="label" id="502">
    				<description>Show Name Label</description>
    				<width min="40" max="600">auto</width>
    				<height>30</height>
    				<label>Now watching</label>
    				<font>font12</font>
    				<align>left</align>
    				<textcolor>FFFFFFFF</textcolor>
    			</control>
    
    			<control type="label" id="503">
    				<description>Show Name Label</description>
    				<width min="40" max="600">auto</width>
    				<height>30</height>
    				<label>Show Name</label>
    				<font>font12</font>
    				<align>left</align>
    				<textcolor>FFFFFFFF</textcolor>
    			</control>
    
    			<control type="label">
    				<description>Show Name Label</description>
    				<width min="10" max="50">auto</width>
    				<height>30</height>
    				<label>�</label>
    				<font>font12</font>
    				<align>left</align>
    				<textcolor>FFFFFFFF</textcolor>
    			</control>
    
    			<control type="label" id="504">
    				<description>Show Title Label</description>
    				<width min="40" max="300">auto</width>
    				<height>30</height>
    				<label>Show Title</label>
    				<font>font12</font>
    				<align>left</align>
    				<textcolor>FFFFFFFF</textcolor>
    			</control>
    		</control>
    
    		<control type="label" id="505">
    			<posx>140</posx>
                <posy>530</posy>
                <width>850</width>
                <height>30</height>
                <align>left</align>
                <aligny>top</aligny>
                <label>Show Description</label>
                <textcolor>FFFFFFFF</textcolor>
                <font>font12</font>
    			<wrapmultiline>true</wrapmultiline>
            </control>
            
            <control type="image" id="506">
                <description>Channel Logo</description>
                <posx>1010</posx>
                <posy>500</posy>
                <width>130</width>
                <height>75</height>
    			<aspectratio>scale</aspectratio>
            </control>
        </control>
    </controls>
</window>
