<?xml version="1.0" encoding="UTF-8" standalone="yes"?>
<addon
    id="script.PseudoTV"
	version="0.2.0"
	name="PseudoTV"
	provider-name="Jason Anderson">

	<requires>
		<import addon="xbmc.python" version="1.0"/>
	</requires>

	<extension point="xbmc.python.script"
        defaultresolution="720p"
        defaultresolutionwide="720p"
		library="default.py"/>

	<extension point="xbmc.addon.metadata">
		<platform>all</platform>
		<minversion>35647</minversion>
		<summary>PseudoTV script by Jason Anderson</summary>
		<description>PseudoTV acts similar to normal broadcast or cable TV, complete with multiple user-defined channels and an EPG.</description>
	</extension>
</addon>
