<window>
    <allowoverlay>no</allowoverlay>

    <coordinates>
        <system>1</system>
        <posx>0</posx>
        <posy>0</posy>
    </coordinates>

    <animation type="WindowOpen" reversible="true">
        <effect type="zoom" start="500" end="100" center="640,360" time="200" />
        <effect type="fade" start="0" end="100" time="200" />
    </animation>

    <animation type="WindowClose" reversible="false">
        <effect type="zoom" start="100" end="300" center="640,360" easing="in" tween="back" time="300" />
        <effect type="fade" start="100" end="0" time="300" />
    </animation>

    <controls>
        <control type="image">
            <description>Info Background</description>
            <posx>0</posx>
            <posy>56</posy>
            <width>1280</width>
            <height>230</height>
            <texture>pstvGradient.png</texture>
            <colordiffuse>DDFFFFFF</colordiffuse>
        </control>

        <control type="label" id="500">
            <description>Show Name Label</description>
            <posx>20</posx>
            <posy>66</posy>
            <width>1260</width>
            <height>30</height>
            <label>Show Name</label>
            <font>font14</font>
            <align>left</align>
            <textcolor>FFFFFFFF</textcolor>
            <shadowcolor>AA000000</shadowcolor>
        </control>

        <control type="label" id="501">
            <description>Show Title Label</description>
            <posx>20</posx>
            <posy>101</posy>
            <width>1260</width>
            <height>30</height>
            <label>Show Title</label>
            <font>font13</font>
            <align>left</align>
            <textcolor>FF777777</textcolor>
            <shadowcolor>AA000000</shadowcolor>
        </control>

        <control type="label" id="502">
            <description>Show Description Label</description>
            <posx>20</posx>
            <posy>136</posy>
            <width>1260</width>
            <height>80</height>
            <label>Show Description</label>
            <font>font13</font>
            <align>left</align>
            <textcolor>FF777777</textcolor>
            <shadowcolor>AA000000</shadowcolor>
            <wrapmultiline>true</wrapmultiline>
        </control>

        <control type="image">
            <description>Background</description>
            <posx>319</posx>
            <posy>287</posy>
            <width>961</width>
            <height>400</height>
            <texture>pstvGradient.png</texture>
            <colordiffuse>DD222277</colordiffuse>
        </control>

        <control type="image">
            <description>Seperator1</description>
            <posx>0</posx>
            <posy>286</posy>
            <width>1280</width>
            <height>2</height>
            <texture>pstvSolid.png</texture>
            <colordiffuse>FF777777</colordiffuse>
        </control>

        <control type="image">
            <description>Seperator2</description>
            <posx>0</posx>
            <posy>687</posy>
            <width>1280</width>
            <height>2</height>
            <texture>pstvSolid.png</texture>
            <colordiffuse>FF000000</colordiffuse>
        </control>

        <control type="image">
            <description>SepChan12a</description>
            <posx>317</posx>
            <posy>366</posy>
            <width>963</width>
            <height>2</height>
            <texture>pstvSolid.png</texture>
            <colordiffuse>FFAAAAAA</colordiffuse>
        </control>

        <control type="image">
            <description>SepChan12b</description>
            <posx>2</posx>
            <posy>366</posy>
            <width>316</width>
            <height>2</height>
            <texture>pstvSolid.png</texture>
            <colordiffuse>FF222222</colordiffuse>
        </control>

        <control type="image">
            <description>SepChan23a</description>
            <posx>317</posx>
            <posy>446</posy>
            <width>963</width>
            <height>2</height>
            <texture>pstvSolid.png</texture>
            <colordiffuse>FFAAAAAA</colordiffuse>
        </control>

        <control type="image">
            <description>SepChan23b</description>
            <posx>2</posx>
            <posy>446</posy>
            <width>316</width>
            <height>2</height>
            <texture>pstvSolid.png</texture>
            <colordiffuse>FF222222</colordiffuse>
        </control>

        <control type="image">
            <description>SepChan34a</description>
            <posx>317</posx>
            <posy>526</posy>
            <width>963</width>
            <height>2</height>
            <texture>pstvSolid.png</texture>
            <colordiffuse>FFAAAAAA</colordiffuse>
        </control>

        <control type="image">
            <description>SepChan34b</description>
            <posx>2</posx>
            <posy>526</posy>
            <width>316</width>
            <height>2</height>
            <texture>pstvSolid.png</texture>
            <colordiffuse>FF222222</colordiffuse>
        </control>

        <control type="image">
            <description>SepChan45a</description>
            <posx>317</posx>
            <posy>606</posy>
            <width>963</width>
            <height>2</height>
            <texture>pstvSolid.png</texture>
            <colordiffuse>FFAAAAAA</colordiffuse>
        </control>

        <control type="image">
            <description>SepChan45b</description>
            <posx>2</posx>
            <posy>606</posy>
            <width>316</width>
            <height>2</height>
            <texture>pstvSolid.png</texture>
            <colordiffuse>FF222222</colordiffuse>
        </control>

        <control type="label" id="104">
            <description>Date Label</description>
            <posx>4</posx>
            <posy>252</posy>
            <width>312</width>
            <height>30</height>
            <label>Current Date</label>
            <font>font13</font>
            <align>center</align>
            <textcolor>FFFFFFFF</textcolor>
            <shadowcolor>AA000000</shadowcolor>
        </control>

        <control type="label" id="101">
            <description>Time 1 Label</description>
            <posx>324</posx>
            <posy>254</posy>
            <width>312</width>
            <height>30</height>
            <label>Time 1</label>
            <font>font13</font>
            <align>left</align>
            <textcolor>FFFFFFFF</textcolor>
            <shadowcolor>AA000000</shadowcolor>
        </control>

        <control type="label" id="102">
            <description>Time 2 Label</description>
            <posx>644</posx>
            <posy>254</posy>
            <width>312</width>
            <height>30</height>
            <label>Time 2</label>
            <font>font13</font>
            <align>left</align>
            <textcolor>FFFFFFFF</textcolor>
            <shadowcolor>AA000000</shadowcolor>
        </control>

        <control type="label" id="103">
            <description>Time 3 Label</description>
            <posx>964</posx>
            <posy>254</posy>
            <width>312</width>
            <height>30</height>
            <label>Time 3</label>
            <font>font13</font>
            <align>left</align>
            <textcolor>FFFFFFFF</textcolor>
            <shadowcolor>AA000000</shadowcolor>
        </control>

        <control type="image" id="401">
            <description>Channel 1 Background</description>
            <posx>2</posx>
            <posy>288</posy>
            <width>316</width>
            <height>78</height>
            <texture>pstvChannel.png</texture>
            <colordiffuse>DDFFFFFF</colordiffuse>
        </control>

        <control type="label" id="301">
            <description>Channel 1 Label</description>
            <posx>4</posx>
            <posy>288</posy>
            <width>312</width>
            <height>74</height>
            <label>Channel 1</label>
            <font>font13</font>
            <align>center</align>
            <aligny>center</aligny>
            <textcolor>FF222222</textcolor>
            <shadowcolor>AA000000</shadowcolor>
        </control>

        <control type="image" id="402">
            <description>Channel 2 Background</description>
            <posx>2</posx>
            <posy>368</posy>
            <width>316</width>
            <height>78</height>
            <texture>pstvChannel.png</texture>
            <colordiffuse>DDFFFFFF</colordiffuse>
        </control>

        <control type="label" id="302">
            <description>Channel 2 Label</description>
            <posx>4</posx>
            <posy>368</posy>
            <width>312</width>
            <height>74</height>
            <label>Channel 2</label>
            <font>font13</font>
            <align>center</align>
            <aligny>center</aligny>
            <textcolor>FF222222</textcolor>
            <shadowcolor>AA000000</shadowcolor>
        </control>

        <control type="image" id="403">
            <description>Channel 3 Background</description>
            <posx>2</posx>
            <posy>448</posy>
            <width>316</width>
            <height>78</height>
            <texture>pstvChannel.png</texture>
            <colordiffuse>DDFFFFFF</colordiffuse>
        </control>

        <control type="label" id="303">
            <description>Channel 3 Label</description>
            <posx>4</posx>
            <posy>448</posy>
            <width>312</width>
            <height>74</height>
            <label>Channel 3</label>
            <font>font13</font>
            <align>center</align>
            <aligny>center</aligny>
            <textcolor>FF222222</textcolor>
            <shadowcolor>AA000000</shadowcolor>
        </control>

        <control type="image" id="404">
            <description>Channel 4 Background</description>
            <posx>2</posx>
            <posy>528</posy>
            <width>316</width>
            <height>78</height>
            <texture>pstvChannel.png</texture>
            <colordiffuse>DDFFFFFF</colordiffuse>
        </control>

        <control type="label" id="304">
            <description>Channel 4 Label</description>
            <posx>4</posx>
            <posy>528</posy>
            <width>312</width>
            <height>74</height>
            <label>Channel 4</label>
            <font>font13</font>
            <align>center</align>
            <aligny>center</aligny>
            <textcolor>FF222222</textcolor>
            <shadowcolor>AA000000</shadowcolor>
        </control>

        <control type="image" id="405">
            <description>Channel 5 Background</description>
            <posx>2</posx>
            <posy>608</posy>
            <width>316</width>
            <height>78</height>
            <texture>pstvChannel.png</texture>
            <colordiffuse>DDFFFFFF</colordiffuse>
        </control>

        <control type="label" id="305">
            <description>Channel 5 Label</description>
            <posx>4</posx>
            <posy>608</posy>
            <width>312</width>
            <height>74</height>
            <label>Channel 5</label>
            <font>font13</font>
            <align>center</align>
            <aligny>center</aligny>
            <textcolor>FF222222</textcolor>
            <shadowcolor>AA000000</shadowcolor>
        </control>
    </controls>
</window>
